TABNAME,FIELDNAME,DEFAULT,MANDATORY,PARAMETER
A004,MANDT,800,X,
A005,MANDT,800,X,
A017,MANDT,800,X,
ADCP,CLIENT,800,X,
ADR6,MANDT,800,X,
ADRC,CLIENT,800,X,
ADRP,CLIENT,800,X,
AENR,MANDT,800,X,
AENV,MANDT,800,X,
AEOI,MANDT,800,X,
AEPF,MANDT,800,X,
AFAB,MANDT,800,X,
AFFL,MANDT,800,X,
AFIH,MANDT,800,X,
AFKO,MANDT,800,X,
AFPO,MANDT,800,X,
AFRU,MANDT,800,X,
AFVC,MANDT,800,X,
AFVU,MANDT,800,X,
AFVV,MANDT,800,X,
AGR_USERS,MANDT,800,X,
ANEA,MANDT,800,X,
ANEK,MANDT,800,X,
ANEP,MANDT,800,X,
ANKA,MANDT,800,X,
ANKT,MANDT,800,X,
ANLA,MANDT,800,X,
ANLB,MANDT,800,X,
ANLC,MANDT,800,X,
ANLH,MANDT,800,X,
ANLP,MANDT,800,X,
ANLT,MANDT,800,X,
ANLV,MANDT,800,X,
ANLZ,MANDT,800,X,
AUAK,MANDT,800,X,
AUFK,MANDT,800,X,
AUSP,MANDT,800,X,
BFOD_A,MANDT,800,X,
BFOK_A,MANDT,800,X,
BHT_STXL_TEXT,MANDT,800,X,
BKPF,MANDT,800,X,
BNKA,MANDT,800,X,
BSAD,MANDT,800,X,
BSAK,MANDT,800,X,
BSAS,MANDT,800,X,
BSEC,MANDT,800,X,
BSEG,MANDT,800,X,
BSET,MANDT,800,X,
BSID,MANDT,800,X,
BSIK,MANDT,800,X,
BSIM,MANDT,800,X,
BSIS,MANDT,800,X,
CA0001,MANDT,800,X,
CA0002,MANDT,800,X,
CA0003,MANDT,800,X,
CA0004,MANDT,800,X,
CA0005,MANDT,800,X,
CA0006,MANDT,800,X,
CA0006,RELID,TX,,
CA0006,TDSPRAS,E,,
CABN,MANDT,800,X,
CABNT,MANDT,800,X,
CAT023T,MANDT,800,X,
CAT023T,SPRAS,E,,
CAWN,MANDT,800,X,
CAWNT,MANDT,800,X,
CA_CL03_1,MANDT,800,X,
CA_CL03_2,AENNR,,X,
CA_CL03_2,MANDT,800,X,
CA_CL03_3,MANDANT,800,X,
CA_CL03_3,OBJECTCLAS,ADRESSE,X,
CA_CL03_4,MANDANT,800,X,
CA_CL03_4,OBJECTCLAS,ADRESSE,X,
CA_CL03_5,MANDT,800,X,
CA_CL03_6,MANDT,800,X,
CA_CT04,MANDT,800,X,
CA_CT04_1,MANDT,800,X,
CA_CT04_2,MANDT,800,X,
CA_CT04_3,MANDT,800,X,
CA_CU03,MANDT,800,X,
CA_CU43,MANDT,800,X,
CA_CUKN,KNNUM,,X,
CA_CUKN,MANDT,800,X,
CA_DRAT,MANDT,800,X,
CA_EKPO,BUKRS,,X,
CA_EKPO,MANDT,800,X,
CA_F_20,MANDT,800,X,
CA_KE5Z,POPER,,X,
CA_KE5Z,RBUKRS,,X,
CA_KE5Z,RCLNT,800,X,
CA_KE5Z,RLDNR,8A,,
CA_KE5Z,RYEAR,,X,
CA_LFA1,LIFNR,,X,
CA_LFA1,MANDT,800,X,
CA_MAKT,MANDT,800,X,
CA_MAKT,SPRAS,E,,
CA_ME81,BUKRS,,X,
CA_ME81,MANDT,800,X,
CA_OY01,MANDT,800,X,
CA_OY01,SPRAS,E,,
CA_SCC4,MANDT,800,X,
CA_STXH,MANDT,800,X,
CA_STXH,TDNAME,,X,
CA_STXH,TDOBJECT,,X,
CA_STXH,TDSPRAS,E,,
CA_STXL,MANDT,800,X,
CA_STXL,TDNAME,,X,
CA_STXL,TDOBJECT,,X,
CA_STXL,TDSPRAS,E,,
CA_STXL_1,MANDT,800,X,
CA_STXL_1,TDNAME,,X,
CA_STXL_1,TDOBJECT,,X,
CA_STXL_1,TDSPRAS,E,,
CA_STXL_2,MANDT,800,X,
CA_STXL_2,TDNAME,,X,
CA_STXL_2,TDOBJECT,,X,
CA_STXL_2,TDSPRAS,E,,
CA_STXL_3,MANDT,800,X,
CA_STXL_3,TDNAME,,X,
CA_STXL_3,TDOBJECT,,X,
CA_STXL_3,TDSPRAS,E,,
CA_SU01,MANDT,800,X,
CA_SU01D_1,MANDT,800,X,
CA_SU01D_2,MANDT,800,X,
CA_S_P6B_12000150,OBJECTNAME,,X,
CA_S_P6B_12000150,OBJECTTYPE,,X,
CA_T001L,MANDT,800,X,
CA_T001L,WERKS,,X,
CA_T001W,MANDT,800,X,
CA_T001W,SPRAS,E,,
CA_T001W,WERKS,,X,
CA_T005,MANDT,800,X,
CA_T005,SPRAS,E,,
CA_T006A,MANDT,800,X,
CA_T006A,SPRAS,E,,
CA_T023T,MANDT,800,X,
CA_T023T,SPRAS,E,X,
CA_T024X,MANDT,800,X,
CA_T024X,SPRAS,E,,
CA_T148T,MANDT,800,X,
CA_T148T,SPRAS,E,X,
CA_T800T,MANDT,800,X,
CA_T800T,SPRAS,E,X,
CA_TCURT,MANDT,800,X,
CA_TCURT,SPRAS,E,,
CA_TJ01T,SPRAS,E,,
CA_TJ30T,MANDT,800,X,
CA_TJ30T,SPRAS,E,,
CA_TOA01,MANDT,800,X,
CA_TOA01,OBJECT_ID,,X,
CA_TOA01,SAP_OBJECT,,X,
CA_TTXIT,TDSPRAS,E,X,
CDHDR,MANDANDT,800,X,
CDPOS,MANDANDT,800,X,
CEPC,MANDT,800,X,
CEPCT,MANDT,800,X,
CEPC_BUKRS,MANDT,800,X,
CHVW,MANDT,800,X,
CKHS,MANDT,800,X,
CKIS,MANDT,800,X,
CO001,AUFNR,,X,
CO001,MANDT,800,X,
CO002,MANDT,800,X,
CO002,OBJNR,,X,
CO003,MANDT,800,X,
CO003,OBJNR,,X,
CO004,MANDT,800,X,
CO004,OBJNR,,X,
COBK,MANDT,800,X,
COBRA,MANDT,800,X,
COBRB,MANDT,800,X,
COEP,MANDT,800,X,
COEPL,MANDT,800,X,
COFIT,RCLNT,800,X,
COKR,MANDT,800,X,
COSL,MANDT,800,X,
COSP,MANDT,800,X,
COSPP,MANDT,800,X,
COSR,MANDT,800,X,
COSS,MANDT,800,X,
COST,MANDT,800,X,
CO_2KEE,RACCT,,Y,
CO_2KEE,RCLNT,800,X,
CO_2KEE,RYEAR,,X,
CO_AUFK_1,AUFNR,,X,
CO_AUFK_1,MANDT,800,X,
CO_CO26_1,APLZL,,X,
CO_CO26_1,AUFPL,,X,
CO_CO26_1,MANDT,800,X,
CO_CO26_2,MANDT,800,X,
CO_CO26_2,MATNR,,X,
CO_CO26_3,MANDT,800,X,
CO_CO26_3,MATNR,,X,
CO_CO26_3,WERKS,,X,
CO_CO26_4,MANDT,800,X,
CO_CO26_4,MATNR,,X,
CO_CO26_4,OBJNR,,X,
CO_CO26_5,SPRAS,E,X,
CO_CO26_6,AUART,,X,
CO_CO26_6,CLIENT,800,X,
CO_CO26_7,BUKRS,,X,
CO_CO26_7,MANDT,800,X,
CO_CO26_7,MATNR,,X,
CO_COBK_1,GJAHR,,X,
CO_COBK_1,KOKRS,,X,
CO_COBK_1,MANDT,800,X,
CO_COBRA_1,MANDT,800,X,
CO_COBRA_1,OBJNR,,X,
CO_COBRA_3,MANDT,800,X,
CO_COBRA_3,OBJNR,,X,
CO_COBRB,MANDT,800,X,
CO_COBRB_1,MANDT,800,X,
CO_COEPL,KOKRS,,X,
CO_COEPL,MANDT,800,X,
CO_COEP_1,GJAHR,,X,
CO_COEP_1,KOKRS,,X,
CO_COEP_1,MANDT,800,X,
CO_COKR,GJAHR,,X,
CO_COKR,MANDT,800,X,
CO_COOIS_1,AUFNR,,X,
CO_COOIS_1,BUKRS,,X,
CO_COOIS_1,MANDT,800,X,
CO_COOIS_1,SPRAS,E,,
CO_COSL,GJAHR,,X,
CO_COSL,MANDT,800,X,
CO_COSP_4,GJAHR,,X,
CO_COSP_4,MANDT,800,X,
CO_COSR,GJAHR,,X,
CO_COSR,MANDT,800,X,
CO_COSS_1,GJAHR,,X,
CO_COSS_1,MANDT,800,X,
CO_COSS_1,OBJNR,,X,
CO_CSKA,KTOPL,,X,
CO_CSKA,MANDT,800,X,
CO_CSKS,KOKRS,,X,
CO_CSKS,MANDT,800,X,
CO_CSKT,MANDT,800,X,
CO_CSKT,SPRAS,E,,
CO_CSKU,MANDT,800,X,
CO_CSKU,SPRAS,E,,
CO_CSSL,KOKRS,,X,
CO_CSSL,MANDT,800,X,
CO_FSE3,MANDT,800,X,
CO_FSE3,SPRAS,E,X,
CO_GCS6,KTOPL,,X,
CO_GCS6,MANDT,800,X,
CO_KA23,KTOPL,,X,
CO_KA23,MANDT,800,X,
CO_KA23,SPRAS,E,,
CO_KAL7,KOKRS,,X,
CO_KAL7,RCLNT,800,X,
CO_KAL7,RYEAR,,X,
CO_KB13N,GJAHR,,X,
CO_KB13N,KOKRS,,X,
CO_KB13N,MANDT,800,X,
CO_KB23N,GJAHR,,X,
CO_KB23N,KOKRS,,X,
CO_KB23N,MANDT,800,X,
CO_KB23N,PERIO,,X,
CO_KB23N,REFBK,,X,
CO_KBH3,MANDT,800,X,
CO_KBH3,SETNR,,X,
CO_KBH3,TAB,CCSS,,
CO_KE53_1,MANDT,800,X,
CO_KE53_1,PRCTR,,X,
CO_KE53_2,MANDT,800,X,
CO_KE5Z,POPER,,X,
CO_KE5Z,RBUKRS,,X,
CO_KE5Z,RCLNT,800,X,
CO_KE5Z,RLDNR,8A,,
CO_KE5Z,RYEAR,,X,
CO_KK03,KOKRS,,X,
CO_KK03,MANDT,800,X,
CO_KKAQ,MANDT,800,X,
CO_KKBC_ORD,GJAHR,,X,
CO_KKBC_ORD,KOKRS,,X,
CO_KKBC_ORD,MANDT,800,X,
CO_KKBC_ORD_1,GJAHR,,X,
CO_KKBC_ORD_1,KOKRS,,X,
CO_KKBC_ORD_1,MANDT,800,X,
CO_KL03,KOKRS,,X,
CO_KL03,MANDT,800,X,
CO_KO03,KOKRS,,X,
CO_KO03,MANDT,800,X,
CO_KO8B,KOKRS,,X,
CO_KO8B,MANDT,800,X,
CO_KO8B_1,MANDT,800,X,
CO_KO8B_1,OBJNR,,X,
CO_KO8N,CLIENT,800,X,
CO_KO8N,OBJECT,CO_ABRECHN,X,
CO_KOB1,KOKRS,,X,
CO_KOB1,MANDT,800,X,
CO_KS13,KOKRS,,X,
CO_KS13,MANDT,800,X,
CO_KSAI,MANDT,800,X,
CO_KSAI,SPRAS,E,,
CO_KSAI_1,MANDT,800,X,
CO_KSAJ,KOKRS,,X,
CO_KSAJ,MANDT,800,X,
CO_KSAJ,SPRAS,E,,
CO_KSB1,GJAHR,,X,
CO_KSB1,KOKRS,,X,
CO_KSB1,MANDT,800,X,
CO_KSB1_2,GJAHR,,X,
CO_KSB1_2,KOKRS,,X,
CO_KSB1_2,KOSTL,,X,
CO_KSB1_2,MANDT,800,X,
CO_KSB1_ALL,KOKRS,,X,
CO_KSB1_ALL,KOSTL,,X,
CO_KSB1_ALL,MANDT,800,X,
CO_KSBT,GJAHR,,X,
CO_KSBT,KOKRS,,X,
CO_KSBT,KOSTL,,X,
CO_KSBT,MANDT,800,X,
CO_KSBT,SPRAS,E,X,
CO_KVBI,GJAHR,,X,
CO_KVBI,KOKRS,,X,
CO_KVBI,MANDT,800,X,
CO_MARD,MANDT,800,X,
CO_MARD,MATNR,,X,
CO_MARD,WERKS,,X,
CO_OKV1,MANDT,800,X,
CO_OKV1,SPRAS,E,X,
CO_OKV2,MANDT,800,X,
CO_ONRFS,MANDT,800,X,
CO_ONRFS,OBJNR,,X,
CO_S_ALR_87009746,BKRS,,X,
CO_S_ALR_87009746,BUKRS,,X,
CO_S_ALR_87009746,GJAHR,,X,
CO_S_ALR_87009746,MANDT,800,X,
CO_S_ALR_87009746,SPRAS,E,X,
CO_S_ALR_87009747,BUKRS,,X,
CO_S_ALR_87009747,GJAHR,,X,
CO_S_ALR_87009747,MANDT,800,X,
CO_S_ALR_87013104,MANDT,800,X,
CO_S_ALR_87013104_1,MANDT,800,X,
CO_S_ALR_87013531,MANDT,800,X,
CO_S_ALR_87013531,PSPNR,,x,
CO_S_ALR_87013602,KOSTL,,X,
CO_S_ALR_87013602,MANDT,800,X,
CO_S_ALR_87013602,RCLNT,800,X,
CO_S_ALR_87013602,RLDNR,3A,X,
CO_S_ALR_87013602,SPRAS,E,X,
CO_S_ALR_87013632,GJAHR,,X,
CO_S_ALR_87013632,KOKRS,,X,
CO_S_ALR_87013632,MANDT,800,X,
CO_S_ALR_87013632_1,GJAHR,,X,
CO_S_ALR_87013632_1,KOKRS,,X,
CO_S_ALR_87013632_1,MANDT,800,X,
CO_S_ALR_87013632_1,SPRAS,E,X,
CO_T003P,CLIENT,800,X,
CO_T003P,SPRAS,E,,
CO_TFKBT,MANDT,800,X,
CO_TFKBT,SPRAS,E,,
CO_TKT05,MANDT,800,X,
CO_TKT05,SPRAS,E,X,
CO_TPC4,MANDT,800,X,
CRCA,MANDT,800,X,
CRCO,MANDT,800,X,
CRHD,MANDT,800,X,
CRID,MANDT,800,X,
CRTX,MANDT,800,X,
CSKA,MANDT,800,X,
CSKB,MANDT,800,X,
CSKS,MANDT,800,X,
CSKT,MANDT,800,X,
CSKU,MANDT,800,X,
CSLA,MANDT,800,X,
CSLT,MANDT,800,X,
CSSL,MANDT,800,X,
CT04,MANDT,800,X,
CT04_1,MANDT,800,X,
CT04_2,MANDT,800,X,
CT04_3,MANDT,800,X,
CUCO,MANDT,800,X,
CUKB,MANDT,800,X,
CUKBT,MANDT,800,X,
CUKN,MANDT,800,X,
CUOB,MANDT,800,X,
DD07L,MANDT,800,X,
DD07T,MANDT,800,X,
DKKOS,MANDT,800,X,
DRAD,MANDT,800,X,
DRAT,MANDT,800,X,
DRAW,MANDT,800,X,
DSKOS,MANDT,800,X,
DSLU_FI_MT_CD30,MANDT,800,X,
DSLU_FI_MT_CD50,MANDT,800,X,
EBAN,MANDT,800,X,
EBEW,MANDT,800,X,
EBKN,MANDT,800,X,
EDIDC,MANDT,800,X,
EDMMS,MANDT,800,X,
EIKP,MANDT,800,X,
EINA,MANDT,800,X,
EINE,MANDT,800,X,
EIPA,MANDT,800,X,
EIPO,MANDT,800,X,
EKBE,MANDT,800,X,
EKBZ,MANDT,800,X,
EKET,MANDT,800,X,
EKKN,MANDT,800,X,
EKKO,MANDT,800,X,
EKPO,MANDT,800,X,
EORD,MANDT,800,X,
EQKT,MANDT,800,X,
EQUI,MANDT,800,X,
EQUZ,MANDT,800,X,
EVOP,MANDT,800,X,
FAGLFLEXT,MANDT,800,X,
FAGL_011QT,MANDT,800,X,
FAGL_011ZC,MANDT,800,X,
FAGL_ACTIVEC,MANDT,800,X,
FAGL_TLDGRP,MANDT,800,X,
FAGL_TLDGRPT,MANDT,800,X,
FEBEP,MANDT,800,X,
FEBKO,MANDT,800,X,
FI0001,KTOPL,,X,
FI0001,MANDT,800,X,
FI0002,KUNNR,,X,
FI0002,MANDT,800,X,
FIAA0001,KTOPL,,X,
FIAA0001,MANDT,800,X,
FIAA0001,SPRAS,E,X,
FIAA0002,MANDT,800,X,
FIAA0003,MANDT,800,X,
FIAA0004,MANDT,800,X,
FIAA0005,MANDT,800,X,
FIAA0005,SPRAS,E,X,
FIAA0006,BUKRS,,X,
FIAA0006,GJAHR,,X,
FIAA0006,MANDT,800,X,
FIAA_AB03,ANLN1,,X,
FIAA_AB03,BUKRS,,X,
FIAA_AB03,GJAHR,,X,
FIAA_AB03,MANDT,800,X,
FIAA_ANEP,ANLN1,,X,
FIAA_ANEP,BUKRS,,X,
FIAA_ANEP,GJAHR,,X,
FIAA_ANEP,MANDT,800,X,
FIAA_ANKT,ANLKL,,X,
FIAA_ANKT,MANDT,800,X,
FIAA_ANKT,SPRAS,E,X,
FIAA_ANKT_2,ANLKL,,X,
FIAA_ANKT_2,MANDT,800,X,
FIAA_ANKT_2,SPRAS,E,,
FIAA_ANLA,ANLN1,,X,
FIAA_ANLA,BUKRS,,X,
FIAA_ANLA,MANDT,800,X,
FIAA_ANLB,ANLN1,,X,
FIAA_ANLB,BUKRS,,X,
FIAA_ANLB,MANDT,800,X,
FIAA_ANLC_1,BUKRS,,X,
FIAA_ANLC_1,GJAHR,,X,
FIAA_ANLC_1,MANDT,800,X,
FIAA_ANLC_2,BUKRS,,X,
FIAA_ANLC_2,GJAHR,,X,
FIAA_ANLC_2,MANDT,800,X,
FIAA_ANLT,MANDT,800,X,
FIAA_ANLT,SPRAS,E,X,
FIAA_ANLZ,ANLN1,,X,
FIAA_ANLZ,BUKRS,,X,
FIAA_ANLZ,MANDT,800,X,
FIAA_AS03,ANLN1,,X,
FIAA_AS03,MANDT,800,X,
FIAA_AS03,SPRAS,E,X,
FIAA_AW01N,ANLN1,,X,
FIAA_AW01N,GJAHR,,X,
FIAA_AW01N,MANDT,800,X,
FIAA_AW01N,SPRAS,E,X,
FIAA_OAV9,MANDT,800,X,
FIAA_OAV9,SPRAS,E,X,
FIAA_OITA,MANDT,800,X,
FIAA_OITA,SPRAS,E,X,
FIAA_S_ALR_87011963,BUKRS,,X,
FIAA_S_ALR_87011963,GJAHR,,X,
FIAA_S_ALR_87011963,MANDT,800,X,
FIAA_S_ALR_87011963,SPRAS,E,X,
FIAA_S_ALR_87012004,BUKRS,,X,
FIAA_S_ALR_87012004,MANDT,800,X,
FIAA_S_ALR_87012004,REP_DATE,,X,
FIAA_S_ALR_87012004,rep_date,,X,
FIAA_S_ALR_87012011,ANLN1,,X,
FIAA_S_ALR_87012011,BUKRS,,X,
FIAA_S_ALR_87012011,GJAHR,,X,
FIAA_S_ALR_87012011,MANDT,800,X,
FIAA_S_ALR_87012011,SPRAS,E,X,
FIAA_S_ALR_87012037,MANDANT,800,X,
FIAA_S_ALR_87012037,OBJECTCLAS,ANLA,X,
FIAA_S_ALR_87012037,OBJECTID,,X,
FIAA_S_ALR_87012039,MANDT,800,X,
FIAA_S_ALR_87012039,SPRAS,E,X,
FIAA_S_ALR_87012050,BUKRS,,X,
FIAA_S_ALR_87012050,GJAHR,,X,
FIAA_S_ALR_87012050,MANDANT,800,X,
FIAA_S_ALR_87012050,MANDT,800,X,
FIAA_S_ALR_87012050_1,ANKL,,X,
FIAA_S_ALR_87012050_1,MANDT,800,X,
FIAA_S_ALR_87012052,ANKL,,X,
FIAA_S_ALR_87012052,MANDT,800,X,
FIAA_S_ALR_87012056,ANKL,,X,
FIAA_S_ALR_87012056,ANLN1,,X,
FIAA_S_ALR_87012056,MANDT,800,X,
FIAA_S_ALR_87012056,SPRAS,E,X,
FIAA_S_ALR_87012058,BELNR,,X,
FIAA_S_ALR_87012058,BUKRS,,X,
FIAA_S_ALR_87012058,GJAHR,,X,
FIAA_S_ALR_87012058,MANDT,800,X,
FIAA_S_ALR_87012058,SPRAS,E,X,
FIAA_S_ALR_87101171,MANDANT,800,X,
FIAA_S_ALR_87101171,OBJECTCLAS,,X,
FIAA_S_ALR_87101171,OBJECTID,,X,
FIAA_S_P99_41000192,ANLN1,,X,
FIAA_S_P99_41000192,BUKRS,,X,
FIAA_S_P99_41000192,GJAHR,,X,
FIAA_S_P99_41000192,MANDT,800,X,
FIAA_S_P99_48000192,ANLN1,,X,
FIAA_S_P99_48000192,BUKRS,,X,
FIAA_S_P99_48000192,GJAHR,,X,
FIAA_S_P99_48000192,MANDT,800,X,
FIAP0001,LIFNR,,X,
FIAP0001,MANDT,800,X,
FIAP_FBL1N_1,BUKRS,,X,
FIAP_FBL1N_1,GJAHR,,X,
FIAP_FBL1N_1,LIFNR,,X,
FIAP_FBL1N_1,MANDT,800,X,
FIAP_FBL1N_2,BUKRS,,X,
FIAP_FBL1N_2,GJAHR,,X,
FIAP_FBL1N_2,LIFNR,,X,
FIAP_FBL1N_2,MANDT,800,X,
FIAP_FBL1N_3,BUKRS,,X,
FIAP_FBL1N_3,GJAHR,,X,
FIAP_FBL1N_3,LIFNR,,X,
FIAP_FBL1N_3,MANDT,800,X,
FIAP_FK04,MANDANT,800,X,
FIAP_FK04,MANDT,800,X,
FIAP_FK04,OBJECTCLAS,KRED,X,
FIAP_FK04,OBJECTID,,X,
FIAP_FK10N,LIFNR,,X,
FIAP_FK10N,MANDT,800,X,
FIAP_MKVZ,MANDT,800,X,
FIAP_MKVZ,SPRAS,E,X,
FIAP_S_ALR_87012093_1,BUKRS,,X,
FIAP_S_ALR_87012093_1,LIFNR,,X,
FIAP_S_ALR_87012093_1,MANDT,800,X,
FIAP_S_ALR_87012093_2,BUKRS,,X,
FIAP_S_ALR_87012093_2,LIFNR,,X,
FIAP_S_ALR_87012093_2,MANDT,800,X,
FIAP_T052U,MANDT,800,X,
FIAP_T052U,SPRAS,E,,
FIAP_TINCT,MANDT,800,X,
FIAP_TINCT,SPRAS,E,,
FIAP_XK03_1,LIFNR,,X,
FIAP_XK03_1,MANDT,800,X,
FIAP_XK03_10,BUKRS,,X,
FIAP_XK03_10,GJAHR,,X,
FIAP_XK03_10,LIFNR,,X,
FIAP_XK03_10,MANDT,800,X,
FIAP_XK03_2,BUKRS,,X,
FIAP_XK03_2,LIFNR,,X,
FIAP_XK03_2,MANDT,800,X,
FIAP_XK03_3,LIFNR,,X,
FIAP_XK03_3,MANDT,800,X,
FIAP_XK03_4,BUKRS,,X,
FIAP_XK03_4,LIFNR,,X,
FIAP_XK03_4,MANDT,800,X,
FIAP_XK03_5,BANKS,,X,
FIAP_XK03_5,LIFNR,,X,
FIAP_XK03_5,MANDT,800,X,
FIAP_XK03_6,MANDT,800,X,
FIAP_XK03_7,LIFNR,,X,
FIAP_XK03_7,MANDT,800,X,
FIAP_XK03_8,LIFNR,,X,
FIAP_XK03_8,MANDT,800,X,
FIAP_XK03_9,LIFNR,,X,
FIAP_XK03_9,MANDT,800,X,
FIAR0001,BUKRS,,X,
FIAR0001,GJAHR,,X,
FIAR0001,KUNNR,,X,
FIAR0001,MANDT,800,X,
FIAR0002,BUKRS,,X,
FIAR0002,GJAHR,,X,
FIAR0002,KUNNR,,X,
FIAR0002,MANDT,800,X,
FIAR0003,KUNNR,,X,
FIAR0003,MANDT,800,X,
FIAR0003,VBELN,,X,
FIAR_FBL5N,BELNR,,X,
FIAR_FBL5N,BUKRS,,X,
FIAR_FBL5N,GJAHR,,X,
FIAR_FBL5N,KUNNR,,X,
FIAR_FBL5N,MANDT,800,X,
FIAR_FBL5N,SPRAS,E,X,
FIAR_FBL5N_1,BUKRS,,X,
FIAR_FBL5N_1,GJAHR,,X,
FIAR_FBL5N_1,KUNNR,,X,
FIAR_FBL5N_1,MANDT,800,X,
FIAR_FD04,MANDANT,800,X,
FIAR_FD04,OBJECTCLAS,DEBI,X,
FIAR_FD04,OBJECTID,,X,
FIAR_S_AL0_96000490,MANDT,800,X,
FIAR_S_AL0_96000490,VBELN,,X,
FIAR_XD03_10,KUNNR,,X,
FIAR_XD03_10,MANDT,800,X,
FIAR_XD03_11,KUNNR,,X,
FIAR_XD03_11,MANDT,800,X,
FIAR_XD03_11,VKORG,,X,
FIAR_XD03_12,KUNNR,,X,
FIAR_XD03_12,MANDT,800,X,
FIAR_XD03_12,VKORG,,X,
FIAR_XD03_13,KUNNR,,X,
FIAR_XD03_13,MANDT,800,X,
FIAR_XD03_3,BKRS,,X,
FIAR_XD03_3,BUKRS,,X,
FIAR_XD03_3,KUNNR,,X,
FIAR_XD03_3,MANDT,800,X,
FIAR_XD03_4,KUNNR,,X,
FIAR_XD03_4,MANDT,800,X,
FIAR_XD03_5,KUNNR,,X,
FIAR_XD03_5,MANDT,800,X,
FIAR_XD03_6,KUNNR,,X,
FIAR_XD03_6,MANDT,800,X,
FIAR_XD03_7,KUNNR,,X,
FIAR_XD03_7,MANDT,800,X,
FIAR_XD03_8,KUNNR,,X,
FIAR_XD03_8,MANDT,800,X,
FIAR_XD03_9,KUNNR,,X,
FIAR_XD03_9,MANDT,800,X,
FICA0001,MANDT,800,X,
FICA0001,RLDNR,,X,
FICA0002,MANDT,800,X,
FICA0002,RLDNR,,X,
FICA0003,MANDT,800,X,
FICA0004,BELNR,,X,
FICA0004,BUKRS,,X,
FICA0004,GJAHR,,X,
FICA0004,MANDT,800,X,
FICA0005,BELNR,,X,
FICA0005,BUKRS,,X,
FICA0005,GJAHR,,X,
FICA0005,MANDT,800,X,
FICA0006,KTOPL,,X,
FICA0006,MANDT,800,X,
FICA0006,SPRAS,E,X,
FICA0007,BUKRS,,X,
FICA0007,MANDT,800,X,
FICA0008,MANDT,800,X,
FICA0008,SPRAS,E,X,
FICA0009,KTOPL,,X,
FICA0009,MANDT,800,X,
FICA0009,SPRAS,E,X,
FICA0010,MANDT,800,X,
FICA0010,SPRAS,E,X,
FICA0011,MANDT,800,X,
FICA0011,SPRAS,E,X,
FICA0012,MANDT,800,X,
FICA0012,SPRAS,E,X,
FICA0013,MANDT,800,X,
FICA0013,SPRAS,E,X,
FICA_CX5N,BUKRS,,X,
FICA_CX5N,MANDT,800,X,
FICA_CXN5,BUKRS,,X,
FICA_CXN5,MANDT,800,X,
FICA_FAGL_ACTIVATIO,MANDT,800,X,
FICA_FAGL_ACTIVATION,MANDT,800,X,
FICA_FB03,BELNR,,X,
FICA_FB03,BUKRS,,X,
FICA_FB03,GJAHR,,X,
FICA_FB03,MANDT,800,X,
FICA_FB03L,BELNR,,X,
FICA_FB03L,BUKRS,,X,
FICA_FB03L,GJAHR,,X,
FICA_FB03L,MANDT,800,X,
FICA_FBN1,CLIENT,800,X,
FICA_FBN1,MANDT,800,X,
FICA_FBN1,OBJECT,RF_BELEG,X,
FICA_FBN1,SUBOBJECT,,X,
FICA_FSE3_1,MANDT,800,X,
FICA_FSE3_1,SPRAS,E,X,
FICA_FSE3_1,VERSN,,X,
FICA_FSE3_2,MANDT,800,X,
FICA_FSE3_2,SPRAS,E,X,
FICA_FSE3_2,VERSN,,X,
FICA_FTXA,MANDT,800,X,
FICA_FTXA,SPRAS,E,X,
FICA_OB13,MANDT,800,X,
FICA_OB13,SPRAS,E,,
FICA_OB41,MANDT,800,X,
FICA_OB41,SPRAS,E,,
FICA_OB58_2,MANDT,800,X,
FICA_OB58_2,SPRAS,E,X,
FICA_OB58_2,VERSN,,X,
FICA_OB58_3,MANDT,800,X,
FICA_OB58_3,SPRAS,E,X,
FICA_OB58_3,VERSN,,X,
FICA_OBA7,MANDT,800,X,
FICA_OBA7,SPRAS,E,X,
FICA_OBY6,BUKRS,,X,
FICA_OBY6,MANDT,800,X,
FICA_S_ALR_87009853,BUKRS,,X,
FICA_S_ALR_87009853,GJAHR,,X,
FICA_S_ALR_87009853,MANDT,800,X,
FICA_S_ALR_87012365,MANDT,800,X,
FICA_S_ALR_87012365,SPRAS,E,X,
FICA_WVM7,MANDT,800,X,
FIGL0001,KOKRS,,X,
FIGL0001,MANDT,800,X,
FIGL0002,KTOPL,,X,
FIGL0002,MANDT,800,X,
FIGL0004,BUKRS,,X,
FIGL0004,EBELN,,X,
FIGL0004,KTOPL,,X,
FIGL0004,MANDT,800,X,
FIGL_FAGLB03,BUKRS,,X,
FIGL_FAGLB03,GJAHR,,X,
FIGL_FAGLB03,HKONT,,X,
FIGL_FAGLB03,MANDT,800,X,
FIGL_FAGLB03,SPRAS,E,X,
FIGL_FBL3N_1,BUKRS,,X,
FIGL_FBL3N_1,GJAHR,,X,
FIGL_FBL3N_1,MANDT,800,X,
FIGL_FBL3N_1,SAKNR,,X,
FIGL_FBL3N_2,BUKRS,,X,
FIGL_FBL3N_2,GJAHR,,X,
FIGL_FBL3N_2,HKONT,,X,
FIGL_FBL3N_2,MANDT,800,X,
FIGL_FBL3N_3,BUKRS,,X,
FIGL_FBL3N_3,GJAHR,,X,
FIGL_FBL3N_3,HKONT,,X,
FIGL_FBL3N_3,MANDT,800,X,
FIGL_FBL3N_4,BUKRS,,X,
FIGL_FBL3N_4,GJAHR,,X,
FIGL_FBL3N_4,HKONT,,X,
FIGL_FBL3N_4,MANDT,800,X,
FIGL_FS03,KTOPL,,X,
FIGL_FS03,MANDT,800,X,
FIGL_FS03,SPRAS,E,X,
FIGL_FS04,MANDANT,800,X,
FIGL_FS04,OBJECTCLAS,SACH,X,
FIGL_FS04,OBJECTID,,X,
FIGL_FS10N,BUKRS,,X,
FIGL_FS10N,RACCT,,X,
FIGL_FS10N,RCLNT,800,X,
FIGL_FS10N,RYEAR,,X,
FIGL_FSP0,KTOPL,,X,
FIGL_FSP0,MANDT,800,X,
FIGL_KL03,KOKRS,,X,
FIGL_KL03,MANDT,800,X,
FIGL_ME2K_1,BUKRS,,X,
FIGL_ME2K_1,EBELN,,X,
FIGL_ME2K_1,MANDT,800,X,
FIGL_ME2K_1,SPRAS,E,X,
FIGL_ME2K_2,BUKRS,,X,
FIGL_ME2K_2,EBELN,,X,
FIGL_ME2K_2,MANDT,800,X,
FIGL_ME2K_2,SPRAS,E,X,
FIGL_ME2K_3,BUKRS,,X,
FIGL_ME2K_3,EBELN,,X,
FIGL_ME2K_3,MANDT,800,X,
FIGL_ME2K_3,SPRAS,E,X,
FIGL_OB58,DSPRA,E,X,
FIGL_OB58,MANDT,800,X,
FIGL_OB58,VERSN,,X,
FIGL_S_ALR_87009815,BUKRS,,X,
FIGL_S_ALR_87009815,EBELN,,X,
FIGL_S_ALR_87009815,KTOPL,,X,
FIGL_S_ALR_87009815,MANDT,800,X,
FIGL_S_ALR_87009815,SPRAS,E,X,
FIGL_S_ALR_87100988,MANDT,800,X,
FIGL_S_ALR_87800988,MANDT,800,X,
FIGL_S_ALR_87800988,SPRAS,E,X,
FIGL_S_ALR_87800988,VERSN,,X,
FI_COBK_3,GJAHR,,X,
FI_COBK_3,KOKRS,,X,
FI_COBK_3,MANDT,800,X,
FI_FB03L,BELNR,,X,
FI_FB03L,BUKRS,,X,
FI_FB03L,GJAHR,,X,
FI_FB03L,MANDT,800,X,
FI_FB04,MANDANT,800,X,
FI_FB04,OBJECTCLAS,BELEG,X,
FI_FB04,OBJECTID,,X,
FI_FBCJ,MANDT,800,X,
FI_FBCJ,SPRAS,E,X,
FI_FBCJC0,CAJO_NUMBER,,X,
FI_FBCJC0,COMP_CODE,,X,
FI_FBCJC0,LANGU,E,X,
FI_FBCJC0,MANDT,800,X,
FI_FBCJC2,LANGU,E,X,
FI_FBCJC2,MANDT,800,X,
FI_FBD3,BUKRS,,X,
FI_FBD3,GJAHR,,X,
FI_FBD3,MANDT,800,X,
FI_FBL5N1,BUKRS,,X,
FI_FBL5N1,GJAHR,,X,
FI_FBL5N1,KUNNR,,X,
FI_FBL5N1,MANDT,800,X,
FI_FBL5N2,BUKRS,,X,
FI_FBL5N2,GJAHR,,X,
FI_FBL5N2,KUNNR,,X,
FI_FBL5N2,MANDT,800,X,
FI_FBL5N3,GJAHR,,X,
FI_FBL5N3,KUNNR,,X,
FI_FBL5N3,MANDT,800,X,
FI_FBL5N4,GJAHR,,X,
FI_FBL5N4,KUNNR,,X,
FI_FBL5N4,MANDT,800,X,
FI_FD10N,BUKRS,,X,
FI_FD10N,GJAHR,,X,
FI_FD10N,KUNNR,,X,
FI_FD10N,MANDT,800,X,
FI_FF_6,ABSND,,X,
FI_FF_6,ADDAT,,X,
FI_FF_6,ANWND,0001,X,
FI_FF_6,MANDT,800,X,
FI_FI03,BANKA,,X,
FI_FI03,BANKS,,X,
FI_FI03,MANDT,800,X,
FI_FSP0,KTOPL,,X,
FI_FSP0,MANDT,800,X,
FI_OB58,DSPRA,E,X,
FI_OB58,MANDT,800,X,
FI_OB58,VERSN,,X,
FI_RFBELJ00,BUKRS,,X,
FI_RFBELJ00,GJAHR,,X,
FI_RFBELJ00,MANDT,800,X,
FI_RFUMSV00,BUKRS,,X,
FI_RFUMSV00,GJAHR,,X,
FI_RFUMSV00,MANDT,800,X,
FI_S_AL0_96000497,BELNR,,X,
FI_S_AL0_96000497,BKRS,,X,
FI_S_AL0_96000497,BUKRS,,X,
FI_S_AL0_96000497,GJAHR,,X,
FI_S_AL0_96000497,MANDT,800,X,
FI_S_ALR_807012357,BELNR,,X,
FI_S_ALR_807012357,BUKRS,,X,
FI_S_ALR_807012357,GJAHR,,X,
FI_S_ALR_807012357,MANDT,800,X,
FI_S_ALR_807012357,MONAT,,X,
FI_S_ALR_87012326,BUKRS,,X,
FI_S_ALR_87012326,KTOPL,,X,
FI_S_ALR_87012326,MANDT,800,X,
FI_S_ALR_87101140,BUKRS,,X,
FI_S_ALR_87101140,GJAHR,,X,
FI_S_ALR_87101140,MANDT,800,X,
FI_XD03_1,BUKRS,,X,
FI_XD03_1,KUNNR,,X,
FI_XD03_1,MANDT,800,X,
FI_XD03_2,BUKRS,,X,
FI_XD03_2,KUNNR,,X,
FI_XD03_2,MANDT,800,X,
GLPCA,MANDT,800,X,
GLPCA,RCLNT,800,X,
GLPCT,RCLNT,800,X,
GLT0,RCLNT,800,X,
HR0001,MANDT,800,X,
HR0004,MANDT,800,X,
HR_PA0000,MANDT,800,X,
HR_PA0000,PERNR,,X,
HR_PA0001,MANDT,800,X,
HR_PA0001,PERNR,,X,
HR_PA0002,MANDT,800,X,
HR_PA0002,PERNR,,X,
HR_PA0003,MANDT,800,X,
HR_PA0003,PERNR,,X,
HR_PA0004,MANDT,800,X,
HR_PA0004,PERNR,,X,
HR_PA0005,MANDT,800,X,
HR_PA0005,PERNR,,X,
HR_PA0006,MANDT,800,X,
HR_PA0006,PERNR,,X,
HR_PA0007,MANDT,800,X,
HR_PA0007,PERNR,,X,
HR_PA0008,MANDT,800,X,
HR_PA0008,PERNR,,X,
HR_PA0009,MANDT,800,X,
HR_PA0009,PERNR,,X,
HR_PA0010,MANDT,800,X,
HR_PA0010,PERNR,,X,
HR_PA0011,MANDT,800,X,
HR_PA0011,PERNR,,X,
HR_PA0012,MANDT,800,X,
HR_PA0012,PERNR,,X,
HR_PA0013,MANDT,800,X,
HR_PA0013,PERNR,,X,
HR_PA0014,MANDT,800,X,
HR_PA0014,PERNR,,X,
HR_PA0015,MANDT,800,X,
HR_PA0015,PERNR,,X,
HR_PA0016,MANDT,800,X,
HR_PA0016,PERNR,,X,
HR_PA0017,MANDT,800,X,
HR_PA0017,PERNR,,X,
HR_PA0021,MANDT,800,X,
HR_PA0021,PERNR,,X,
HR_PA0022,MANDT,800,X,
HR_PA0022,PERNR,,X,
HR_PA0023,MANDT,800,X,
HR_PA0023,PERNR,,X,
HR_PA0024,MANDT,800,X,
HR_PA0024,PERNR,,X,
HR_PA0031,MANDT,800,X,
HR_PA0031,PERNR,,X,
HR_PA0032,MANDT,800,X,
HR_PA0032,PERNR,,X,
HR_PA0034,MANDT,800,X,
HR_PA0034,PERNR,,X,
HR_PA0035,MANDT,800,X,
HR_PA0035,PERNR,,X,
HR_PA0036,MANDT,800,X,
HR_PA0036,PERNR,,X,
HR_PA0037,MANDT,800,X,
HR_PA0037,PERNR,,X,
HR_PA0038,MANDT,800,X,
HR_PA0038,PERNR,,X,
HR_PA0040,MANDT,800,X,
HR_PA0040,PERNR,,X,
HR_PA0041,MANDT,800,X,
HR_PA0041,PERNR,,X,
HR_PA0045,MANDT,800,X,
HR_PA0045,PERNR,,X,
HR_PA0050,MANDT,800,X,
HR_PA0050,PERNR,,X,
HR_PA0077,MANDT,800,X,
HR_PA0077,PERNR,,X,
HR_PA0083,MANDT,800,X,
HR_PA0083,PERNR,,X,
HR_PA0105,MANDT,800,X,
HR_PA0105,PERNR,,X,
HR_PA0169,MANDT,800,X,
HR_PA0169,PERNR,,X,
HR_PA0171,MANDT,800,X,
HR_PA0171,PERNR,,X,
HR_PA0183,MANDT,800,X,
HR_PA0183,PERNR,,X,
HR_PA0185,MANDT,800,X,
HR_PA0185,PERNR,,X,
HR_PA0222,MANDT,800,X,
HR_PA0222,PERNR,,X,
HR_PA0278,MANDT,800,X,
HR_PA0278,PERNR,,X,
HR_PA0279,MANDT,800,X,
HR_PA0279,PERNR,,X,
HR_PA0416,MANDT,800,X,
HR_PA0416,PERNR,,X,
HR_PA0900,MANDT,800,X,
HR_PA0900,PERNR,,X,
HR_PA20,MANDT,800,X,
HR_PA20,PERNR,,X,
HR_PA2001,MANDT,800,X,
HR_PA2001,PERNR,,X,
HR_PA2002,MANDT,800,X,
HR_PA2002,PERNR,,X,
HR_PA2003,MANDT,800,X,
HR_PA2003,PERNR,,X,
HR_PA2004,MANDT,800,X,
HR_PA2004,PERNR,,X,
HR_PA2005,MANDT,800,X,
HR_PA2005,PERNR,,X,
HR_PA2006,MANDT,800,X,
HR_PA2006,PERNR,,X,
HR_PA2007,MANDT,800,X,
HR_PA2007,PERNR,,X,
HR_PA2010,MANDT,800,X,
HR_PA2010,PERNR,,X,
HR_PA2012,MANDT,800,X,
HR_PA2012,PERNR,,X,
HR_PA2013,MANDT,800,X,
HR_PA2013,PERNR,,X,
HR_PA9000,MANDT,800,X,
HR_PA9000,PERNR,,X,
HR_PA9001,MANDT,800,X,
HR_PA9001,PERNR,,X,
HR_PCL1,MANDT,800,X,
HR_PCL1,PERNR,,X,
HR_T001P,MANDT,800,X,
HR_T500P,MANDT,800,X,
HR_T503T,MANDT,800,X,
HR_T503T,SPRSL,E,X,
HR_T510A,MANDT,800,X,
HR_T510G,MANDT,800,X,
HR_T512T,MANDT,800,X,
HR_T512T,SPRSL,E,X,
HR_T513S,MANDT,800,X,
HR_T513S,SPRSL,E,X,
HR_T517T,MANDT,800,X,
HR_T517T,SPRSL,E,X,
HR_T517X,LANGU,E,X,
HR_T517X,MANDT,800,X,
HR_T526,MANDT,800,X,
HR_T527X,MANDT,800,X,
HR_T527X,SPRSL,E,X,
HR_T528T,MANDT,800,X,
HR_T528T,SPRSL,E,X,
HR_T529T,MANDT,800,X,
HR_T529T,SPRSL,E,X,
HR_T529U,MANDT,800,X,
HR_T529U,SPRSL,E,X,
HR_T530E,MANDT,800,X,
HR_T530F,MANDT,800,X,
HR_T530F,SPRSL,E,X,
HR_T530T,MANDT,800,X,
HR_T530T,SPRSL,E,X,
HR_T533T,MANDT,800,X,
HR_T533T,SPRSL,E,X,
HR_T538T,MANDT,800,X,
HR_T538T,SPRSL,E,X,
HR_T542T,MANDT,800,X,
HR_T542T,SPRAS,E,X,
HR_T547S,MANDT,800,X,
HR_T547S,SPRSL,E,X,
HR_T548T,MANDT,800,X,
HR_T548T,SPRSL,E,X,
HR_T549T,MANDT,800,X,
HR_T549T,SPRSL,E,X,
HR_T554T,MANDT,800,X,
HR_T554T,SPRSL,E,X,
HR_T555Q,MANDT,800,X,
HR_T555Q,SPRSL,E,X,
HR_T555V,MANDT,800,X,
HR_T555V,SPRSL,E,X,
HR_T556,MANDT,800,X,
HR_T556B,MANDT,800,X,
HR_T556B,SPRSL,E,X,
HR_T574B,LANGU,E,X,
HR_T574B,MANDT,800,X,
HR_T591S,MANDT,800,X,
HR_T591S,SPRSL,E,X,
HR_T5C1B,MANDT,800,X,
HR_T5C1B,SPRSL,E,X,
HR_T5C1O,MANDT,800,X,
HR_T5C2G,MANDT,800,X,
HR_T5C2G,SPRAS,E,X,
HR_T5CA3,MANDT,800,X,
HR_T5CA3,SPRSL,E,X,
HR_T5CAQ,MANDT,800,X,
HR_T5CAQ,SPRSL,E,X,
HR_T5UBA,MANDT,800,X,
HR_T5UC1,LANGU,E,X,
HR_T5UC1,MANDT,800,X,
HR_T5UC3,LANGU,E,X,
HR_T5UC3,MANDT,800,X,
HR_T5UC4,LANGU,E,X,
HR_T5UC4,MANDT,800,X,
HR_T5UC9,LANGU,E,X,
HR_T5UC9,MANDT,800,X,
HR_T5UC9,SPRSL,E,X,
HR_T5UCT,LANGU,E,X,
HR_T5UCT,MANDT,800,X,
HR_T5UCV,LANGU,E,X,
HR_T5UCV,MANDT,800,X,
IFLOALT,MANDT,800,X,
IFLOS,MANDT,800,X,
IFLOT,MANDT,800,X,
IFLOTX,MANDT,800,X,
IHPA,MANDT,800,X,
IHSG,MANDT,800,X,
IKPF,MANDT,800,X,
ILOA,MANDT,800,X,
IMPR,MANDT,800,X,
INOB,MANDT,800,X,
ISEG,MANDT,800,X,
JEST,MANDT,800,X,
JSTO,MANDT,800,X,
JVS01,RCLNT,800,X,
JVSO1,RCLNT,800,X,
JVT01,RCLNT,800,X,
JVTO1,RCLNT,800,X,
JVTO2,RCLNT,800,X,
KAKO,MANDT,800,X,
KAKT,MANDT,800,X,
KAPA,MANDT,800,X,
KAPE,MANDT,800,X,
KAZY,MANDT,800,X,
KDST,MANDT,800,X,
KEKO,MANDT,800,X,
KLAH,MANDT,800,X,
KLAT,MANDT,800,X,
KNA1,MANDT,800,X,
KNAS,MANDT,800,X,
KNB1,MANDT,800,X,
KNB5,MANDT,800,X,
KNBK,MANDT,800,X,
KNBW,MANDT,800,X,
KNC1,MANDT,800,X,
KNC3,MANDT,800,X,
KNKA,MANDT,800,X,
KNKK,MANDT,800,X,
KNVI,MANDT,800,X,
KNVP,MANDT,800,X,
KNVV,MANDT,800,X,
KONA,MANDT,800,X,
KONH,MANDT,800,X,
KONM,MANDT,800,X,
KONP,MANDT,800,X,
KONV,MANDT,800,X,
KONW,MANDT,800,X,
KOTE001,MANDT,800,X,
KSML,MANDT,800,X,
KSSK,MANDT,800,X,
LAGP,MANDT,800,X,
LFA1,MANDT,800,X,
LFAS,MANDT,800,X,
LFB1,MANDT,800,X,
LFB5,MANDT,800,X,
LFBK,MANDT,800,X,
LFBW,MANDT,800,X,
LFC1,MANDT,800,X,
LFC3,MANDT,800,X,
LFM1,MANDT,800,X,
LFM2,MANDT,800,X,
LIKP,MANDT,800,X,
LINV,MANDT,800,X,
LIPS,MANDT,800,X,
LQUA,MANDT,800,X,
LTAK,MANDT,800,X,
LTAP,MANDT,800,X,
MAKT,MANDT,800,X,
MAPL,MANDT,800,X,
MARA,MANDT,800,X,
MARC,MANDT,800,X,
MARD,MANDT,800,X,
MARM,MANDT,800,X,
MARV,MANDT,800,X,
MAST,MANDT,800,X,
MBEW,MANDT,800,X,
MBEWH,MANDT,800,X,
MCH1,MANDT,800,X,
MCHA,MANDT,800,X,
MCIPMIS,MANDT,800,X,
MHIO,MANDT,800,X,
MHIS,CLIENT,800,X,
MHIS,MANDT,800,X,
MHND,MANDT,800,X,
MHNK,MANDT,800,X,
MKPF,MANDT,800,X,
MLAN,MANDT,800,X,
MLCR,MANDT,800,X,
MLCRP,MANDT,800,X,
MLIT,MANDT,800,X,
MLPP,MANDT,800,X,
MLST,MANDT,800,X,
MLTX,MANDT,800,X,
MLTX,MLTX_MANDT,800,X,
MM0001,MANDT,800,X,
MM0001,MATNR,,X,
MM0002,LFGJA,,X,
MM0002,MANDT,800,X,
MM0002,MATNR,,X,
MM0002,WERKS,,X,
MM0003,MANDT,800,X,
MM0003,MATNR,,X,
MM0005,MANDT,800,X,
MM0005,MATNR,,X,
MM0005,SPRAS,E,X,
MM0006,KSCHL,,X,
MM0006,MANDT,800,X,
MM0006,SPRAS,E,X,
MM0009,INFNR,,X,
MM0009,MANDT,800,X,
MM0010,BUKRS,,X,
MM0010,EBELN,,X,
MM0010,GJAHR,,X,
MM0010,MANDT,800,X,
MM0010,SPRAS,E,X,
MM0018,BUKRS,,X,
MM0018,MANDT,800,X,
MM0018,MBLNR,,X,
MM0018,MHAHR,,X,
MMPT,MANDT,800,X,
MM_0012,BELNR,,X,
MM_0012,BUKRS,,X,
MM_0012,GJAHR,,X,
MM_0012,MANDT,800,X,
MM_0013,BELNR,,X,
MM_0013,BUKRS,,X,
MM_0013,GJAHR,,X,
MM_0013,MANDT,800,X,
MM_0014,BELNR,,X,
MM_0014,GJAHR,,X,
MM_0014,MANDT,800,X,
MM_0015,BWART,,X,
MM_0015,MANDT,800,X,
MM_0015,SPRAS,E,X,
MM_0016,INFNR,,X,
MM_0016,MANDT,800,X,
MM_0017,LIFNR,,X,
MM_0017,MANDT,800,X,
MM_BSEG_1,BELNR,,X,
MM_BSEG_1,BUKRS,,X,
MM_BSEG_1,MANDT,800,X,
MM_CK13N2,BUKRS,,X,
MM_CK13N2,GJAHR,,X,
MM_CK13N2,LEDNR,,X,
MM_CK13N2,MANDT,800,X,
MM_CK13N_1,BUKRS,,X,
MM_CK13N_1,GJAHR,,X,
MM_CK13N_1,LEDNR,,X,
MM_CK13N_1,MANDT,800,X,
MM_CKM3,MANDT,800,X,
MM_CKM3,MATNR,,X,
MM_CKM3,SPRAS,E,X,
MM_CKMPCD,MANDT,800,X,
MM_CKMPCD,MATNR,,X,
MM_CKMPCD,SPRAS,E,X,
MM_CKMTOPPRICEDIF,BUKRS,,X,
MM_CKMTOPPRICEDIF,MANDT,800,X,
MM_CKMTOPSTOCKVAL,BUKRS,,X,
MM_CKMTOPSTOCKVAL,MANDT,800,X,
MM_CV03N,MANDT,800,X,
MM_EINA,EBELN,,X,
MM_EINA,INFNR,,X,
MM_EINA,MANDT,800,X,
MM_EKET,EBELN,,X,
MM_EKET,MANDT,800,X,
MM_EKKN,EBELN,,X,
MM_EKKN,MANDT,800,X,
MM_EKKN,SPRAS,E,X,
MM_J1A5,LFGJA,,X,
MM_J1A5,MANDT,800,X,
MM_J1A5,MATNR,,X,
MM_J1A5,WERKS,,X,
MM_J1AS,BWKEY,,X,
MM_J1AS,MANDT,800,X,
MM_J1AS,MATNR,,X,
MM_KONV_1,MANDT,800,X,
MM_LI05,MANDT,800,X,
MM_LS26,MANDT,800,X,
MM_LT24,MANDT,800,X,
MM_LTAP,MANDT,800,X,
MM_LX18,MANDT,800,X,
MM_MB56,CHARG,,X,
MM_MB56,MANDT,800,X,
MM_MB56,MATNR,,X,
MM_MB56,SPRAS,E,X,
MM_MB59_ALL,MANDT,800,X,
MM_MB59_ALL,MJAHR,,X,
MM_MB59_POS,MANDT,800,X,
MM_MB59_POS,MJAHR,,X,
MM_MB5S,BUKRS,,X,
MM_MB5S,EBELN,,X,
MM_MB5S,MANDT,800,X,
MM_MB5W,BUKRS,,X,
MM_MB5W,BWEKEY,,X,
MM_MB5W,MANDT,800,X,
MM_MB5W,SPRAS,E,X,
MM_MBBS_1,MANDT,800,X,
MM_MBBS_2,MANDT,800,X,
MM_MBBS_3,MANDT,800,X,
MM_MBEW,BWKEY,,X,
MM_MBEW,MANDT,800,X,
MM_MBEW,MATNR,,X,
MM_MBGR_1,MANDT,800,X,
MM_MBGR_1,MBLNR,,X,
MM_MBGR_1,MHAHR,,X,
MM_MBGR_2,MANDT,800,X,
MM_MBGR_2,MBLNR,,X,
MM_MBGR_2,MJAHR,,X,
MM_MC4_1,MANDT,800,X,
MM_ME0M,MANDT,800,X,
MM_ME0M,MATNR,,X,
MM_ME13,INFNR,,X,
MM_ME13,MANDT,800,X,
MM_ME13_1,INFNR,,X,
MM_ME13_1,MANDT,800,X,
MM_ME14,MANDANT,800,X,
MM_ME14,MANDT,800,X,
MM_ME14,OBJECTCLAS,INFOSATZ,X,
MM_ME14,OBJECTID,,X,
MM_ME1P,INFNR,,X,
MM_ME1P,MANDT,800,X,
MM_ME23N2,BUKRS,,X,
MM_ME23N2,EBELN,,X,
MM_ME23N2,GJAHR,,X,
MM_ME23N2,MANDT,800,X,
MM_ME23N2,SPRAS,E,X,
MM_ME23N2,SPRAS_2,E,X,
MM_ME23N_ALL,BUKRS,,X,
MM_ME23N_ALL,EBELN,,X,
MM_ME23N_ALL,GJAHR,,X,
MM_ME23N_ALL,MANDT,800,X,
MM_ME23N_ALL,SPRAS,E,X,
MM_ME2C,BUKRS,,X,
MM_ME2C,EBELN,,X,
MM_ME2C,MANDT,800,X,
MM_ME2C,SPRAS,E,X,
MM_ME2K,BUKRS,,X,
MM_ME2K,MANDT,800,X,
MM_ME33K_ALL,BSTYP,K,,
MM_ME33K_ALL,BUKRS,,X,
MM_ME33K_ALL,EBELN,,X,
MM_ME33K_ALL,MANDT,800,X,
MM_ME33K_POS,BSTYP,K,,
MM_ME33K_POS,BUKRS,,X,
MM_ME33K_POS,MANDT,800,X,
MM_ME33L,BUKRS,,X,
MM_ME33L,EBELN,,X,
MM_ME33L,MANDT,800,X,
MM_ME3C,BUKRS,,X,
MM_ME3C,EBELN,,X,
MM_ME3C,MANDT,800,X,
MM_ME43,EBELN,,X,
MM_ME43,MANDT,800,X,
MM_ME43,SPRAS,E,X,
MM_ME53N_1,BANFN,,X,
MM_ME53N_1,MANDT,800,X,
MM_ME53N_4,BANFN,,X,
MM_ME53N_4,MANDT,800,X,
MM_MI12,MANDANT,800,X,
MM_MI12,OBJECTCLAS,,X,
MM_MI12,OBJECTID,,X,
MM_MI24_1,IBLNR,,X,
MM_MI24_1,MANDT,800,X,
MM_MI24_2,SPRAS,E,X,
MM_MI24_3,SPRAS,E,X,
MM_MIR4_ALL,BELNR,,X,
MM_MIR4_ALL,GJAHR,,X,
MM_MIR4_POS,BELNR,,X,
MM_MIR4_POS,GJAHR,,X,
MM_MIR4_all,MANDT,800,X,
MM_MIR4_pos,MANDT,800,X,
MM_MKVZ,BUKRS,,X,
MM_MKVZ,MANDT,800,X,
MM_MM03_1,MANDT,800,X,
MM_MM03_1,MATNR,,X,
MM_MM03_12,MANDT,800,X,
MM_MM03_12,TDSPRAS,E,X,
MM_MMBE,MANDT,800,X,
MM_MMBE,MATNR,,X,
MM_MMBE,SPRAS,E,X,
MM_MMBE,WERKS,,X,
MM_MMBE_1,MANDT,800,X,
MM_MMBE_1,MATNR,,X,
MM_MMBE_1,SPRAS,E,X,
MM_MR11SHOW,BELNR,,X,
MM_MR11SHOW,BUKRS,,X,
MM_MR11SHOW,GJAHR,,X,
MM_MR11SHOW,MANDT,800,X,
MM_MR33,GJAHR,,X,
MM_MR33,MANDT,800,X,
MM_MR35,GJAHR,,X,
MM_MR35,MANDT,800,X,
MM_MR39_1,MANDANT,800,X,
MM_MR39_1,OBJECTCLAS,EINKBELEG,X,
MM_MR39_1,OBJECTID,,X,
MM_MR39_2,MANDANT,800,X,
MM_MR39_2,OBJECTCLAS,EINKBELEG,X,
MM_MR39_2,OBJECTID,,X,
MM_MR51,BWKEY,,X,
MM_MR51,GJAHR,,X,
MM_MR51,MANDT,800,X,
MM_MRL7,MANDANT,800,X,
MM_MRL7,MANDT,800,X,
MM_MVKE,MANDT,800,X,
MM_MVKE,MATNR,,X,
MM_MVKE,VKORG,,X,
MM_RBKP_BLOCKED,BUKRS,,X,
MM_RBKP_BLOCKED,LIFNR,,X,
MM_RBKP_BLOCKED,MANDT,800,X,
MM_RBMA,MANDT,800,X,
MM_RBTX,MANDT,800,X,
MM_RBWS,GJAHR,,X,
MM_RBWS,MANDT,800,X,
MM_RBWT,GJAHR,,X,
MM_RBWT,MANDT,800,X,
MM_STXL_4,MANDT,800,X,
MM_STXL_4,TDNAME,,X,
MM_STXL_4,TDSPRAS,E,,
MM_S_AL0_96000496,BELNR,,X,
MM_S_AL0_96000496,BUKRS,,X,
MM_S_AL0_96000496,GJAHR,,X,
MM_S_AL0_96000496,MANDT,800,X,
MM_T024,MANDT,800,X,
MM_T024,SPRAS,E,X,
MM_T141T,MANDT,800,X,
MM_T141T,SPRAS,E,X,
MM_T149T,MANDT,800,X,
MM_T149T,SPRAS,E,X,
MM_T161T,MANDT,800,X,
MM_T161T,SPRAS,E,X,
MM_T163C,MANDT,800,X,
MM_T163C,SPRAS,E,X,
MM_T163I,MANDT,800,X,
MM_T163I,SPRAS,E,X,
MM_TPTMT,MANDT,800,X,
MM_TPTMT,SPRAS,E,X,
MM_TSKMT,MANDT,800,X,
MPLA,MANDT,800,X,
MPOS,MANDT,800,X,
MSEG,MANDT,800,X,
MVKE,MANDT,800,X,
MYMFT,MANDT,800,X,
MYML,MANDT,800,X,
MYMP,MANDT,800,X,
MYMS,MANDT,800,X,
MYPL,MANDT,800,X,
NAST,MANDT,800,X,
NRIV,CLIENT,800,X,
NRIV,MANDT,800,X,
OBEW,MANDT,800,X,
OBJH,MANDT,800,X,
OBJK,MANDT,800,X,
OBJS,MANDT,800,X,
ONRFS,MANDT,800,X,
ONRKL,MANDT,800,X,
ONRKS,MANDT,800,X,
PA0000,MANDT,800,X,
PA0001,MANDT,800,X,
PA0002,MANDT,800,X,
PA0003,MANDT,800,X,
PA0005,MANDT,800,X,
PA0006,MANDT,800,X,
PA0007,MANDT,800,X,
PA0008,MANDT,800,X,
PA0009,MANDT,800,X,
PA0011,MANDT,800,X,
PA0012,MANDT,800,X,
PA0014,MANDT,800,X,
PA0015,MANDT,800,X,
PA0016,MANDT,800,X,
PA0017,MANDT,800,X,
PA0019,MANDT,800,X,
PA0021,MANDT,800,X,
PA0022,MANDT,800,X,
PA0023,MANDT,800,X,
PA0024,MANDT,800,X,
PA0031,MANDT,800,X,
PA0032,MANDT,800,X,
PA0034,MANDT,800,X,
PA0035,MANDT,800,X,
PA0036,MANDT,800,X,
PA0037,MANDT,800,X,
PA0038,MANDT,800,X,
PA0040,MANDT,800,X,
PA0041,MANDT,800,X,
PA0045,MANDT,800,X,
PA0050,MANDT,800,X,
PA0077,MANDT,800,X,
PA0083,MANDT,800,X,
PA0105,MANDT,800,X,
PA0169,MANDT,800,X,
PA0171,MANDT,800,X,
PA0183,MANDT,800,X,
PA0185,MANDT,800,X,
PA0222,MANDT,800,X,
PA0278,MANDT,800,X,
PA0279,MANDT,800,X,
PA0416,MANDT,800,X,
PA0900,MANDT,800,X,
PA2001,MANDT,800,X,
PA2002,MANDT,800,X,
PA2003,MANDT,800,X,
PA2004,MANDT,800,X,
PA2005,MANDT,800,X,
PA2006,MANDT,800,X,
PA2007,MANDT,800,X,
PA2010,MANDT,800,X,
PA2012,MANDT,800,X,
PA2013,MANDT,800,X,
PA9000,MANDT,800,X,
PA9001,MANDT,800,X,
PAYR,MANDT,800,X,
PCL1,MANDT,800,X,
PLAB,MANDT,800,X,
PLAS,MANDT,800,X,
PLFL,MANDT,800,X,
PLKO,MANDT,800,X,
PLKZ,MANDT,800,X,
PLMK,MANDT,800,X,
PLMZ,MANDT,800,X,
PLPO,MANDT,800,X,
PMCO,MANDT,800,X,
PM_ADRC,CLIENT,800,X,
PM_AFIH,MANDT,800,X,
PM_AFKO_1,MANDT,800,X,
PM_AFPO_1,MANDT,800,X,
PM_AFVC_1,MANDT,800,X,
PM_AUFK_2,MANDT,800,X,
PM_DRAD,MANDT,800,X,
PM_EQKT,MANDT,800,X,
PM_EQUI_1,MANDT,800,X,
PM_EQUI_2,MANDT,800,X,
PM_EQUZ,EQUNR,,X,
PM_EQUZ,MANDT,800,X,
PM_EQUZ_2,MANDT,800,X,
PM_IFLOALT,MANDT,800,X,
PM_IFLOS,MANDT,800,X,
PM_IFLOTX_1,MANDT,800,X,
PM_IFLOTX_2,MANDT,800,X,
PM_IFLOT_1,MANDT,800,X,
PM_IFLOT_2,MANDT,800,X,
PM_IH06,MANDT,800,X,
PM_IHPA_1,MANDT,800,X,
PM_IHPA_2,MANDT,800,X,
PM_IHPA_3,MANDT,800,X,
PM_IHPA_4,MANDT,800,X,
PM_IHSG,MANDT,800,X,
PM_ILOA_1,MANDT,800,X,
PM_ILOA_2,MANDT,800,X,
PM_ILOA_3,MANDT,800,X,
PM_ILOA_4,MANDT,800,X,
PM_IP16,MANDT,800,X,
PM_IW29,MANDT,800,X,
PM_IW39,MANDT,800,X,
PM_IW39_2,MANDT,800,X,
PM_KNA1,MANDT,800,X,
PM_MARA_1,MANDT,800,X,
PM_MARA_2,MANDT,800,X,
PM_MKVZ,MANDT,800,X,
PM_PRPS_1,MANDT,800,X,
PM_QM11,MANDT,800,X,
PM_QM11,QMNUM,,X,
PM_QMEL_1,MANDT,800,X,
PM_QMFE,MANDT,800,X,
PM_QMFE_1,MANDT,800,X,
PM_QMIH,MANDT,800,X,
PM_QMIH_1,MANDT,800,X,
PM_QMMA,MANDT,800,X,
PM_QMMA_1,MANDT,800,X,
PM_QMSM,MANDT,800,X,
PM_QMUR,MANDT,800,X,
PM_QPCT,MANDT,800,X,
PM_QPGR,MANDT,800,X,
PM_TQ80_T,MANDT,800,X,
PP0001,MANDT,800,X,
PP0002,MANDT,800,X,
PP0003,MANDT,800,X,
PP0004,MANDT,800,X,
PP0005,MANDT,800,X,
PP0006,MANDT,800,X,
PP0007,MANDT,800,X,
PP0007,PLNNR,,X,
PP0008,MANDT,800,X,
PP0009,PLNNR,,X,
PP0010,MANDT,800,X,
PP_CA03,MANDT,800,X,
PP_CA03,PLNNR,,X,
PP_CM0,MANDT,800,X,
PP_CO03,AUFNR,,X,
PP_CO03,MANDT,800,X,
PP_CO14,MANDT,800,X,
PP_CRC0,MANDT,800,X,
PP_CRCA,MANDT,800,X,
PP_CRCO,MANDT,800,X,
PP_CRID,MANDT,800,X,
PP_CRTX,MANDT,800,X,
PP_CS03,MANDT,800,X,
PP_CS03,MATNR,,X,
PP_CS03,WERKS,,X,
PP_CS15,MANDT,800,X,
PP_CS15,MATNR,,X,
PP_CS15,WERKS,,X,
PP_CS63,MANDT,800,X,
PP_CS73,MANDT,800,X,
PP_KAKO,MANDT,800,X,
PP_KAKT,MANDT,800,X,
PP_KAPA,MANDT,800,X,
PP_KAPE,MANDT,800,X,
PP_KAZY,MANDT,800,X,
PP_PLKO,MANDT,800,X,
PP_PLKO,PLNNR,,X,
PP_T024D,MANDT,800,X,
PP_T416T,MANDT,800,X,
PRHI,MANDT,800,X,
PROJ,MANDT,800,X,
PROJS,MANDT,800,X,
PRPS,MANDT,800,X,
PRST,MANDT,800,X,
PRTE,MANDT,800,X,
PS0001,MANDT,800,X,
PS0001,OBJNR,,X,
PS0002,MANDT,800,X,
PS0002,OBJNR,,X,
PS0007,CLIENT,,X,
PS0007,KOKRS,,X,
PS0008,KOKRS,,X,
PS0008,MANDT,800,X,
PS_0001,MANDT,800,X,
PS_0001,RSNUM,,X,
PS_AFAB,MANDT,800,X,
PS_AFKO_2,AUFNR,,X,
PS_AFKO_2,MANDT,800,X,
PS_AFPO_2,AUFNR,,X,
PS_AFPO_2,MANDT,800,X,
PS_AFPO_3,AUFNR,,X,
PS_AFPO_3,MANDT,800,X,
PS_AFVC_2,AUFPL,,X,
PS_AFVC_2,BUKRS,,X,
PS_AFVC_2,MANDT,800,X,
PS_AFVC_3,AUFPL,,X,
PS_AFVC_3,BUKRS,,X,
PS_AFVC_3,MANDT,800,X,
PS_AFVU,AUFPL,,X,
PS_AFVU,MANDT,800,X,
PS_AFVV,AUFPL,,X,
PS_AFVV,MANDT,800,X,
PS_BSEG_2,BELNR,,X,
PS_BSEG_2,BUKRS,,X,
PS_BSEG_2,GJAHR,,X,
PS_BSEG_2,MANDT,800,X,
PS_CJI3,MANDT,800,X,
PS_CJI3,PSPID,,X,
PS_CJI5_1,MANDT,800,X,
PS_CN41,MANDT,800,X,
PS_CN42N,MANDT,800,X,
PS_CN42N,PSPID,,X,
PS_CN43N,MANDT,800,X,
PS_CN43N,PSPNR,,X,
PS_COBK_2,BELNR,,X,
PS_COBK_2,GJAHR,,X,
PS_COBK_2,KOKRS,,X,
PS_COBK_2,MANDT,800,X,
PS_COBRA,MANDT,800,X,
PS_COBRA,OBJNR,,X,
PS_COEP_2,BELNR,,X,
PS_COEP_2,GJAHR,,X,
PS_COEP_2,KOKRS,,X,
PS_COEP_2,MANDT,800,X,
PS_COSPP_1,MANDT,800,X,
PS_COSP_1,GJAHR,,X,
PS_COSP_1,MANDT,800,X,
PS_COSP_1,OBJNR,,X,
PS_COSS_3,GJAHR,,X,
PS_COSS_3,MANDT,800,X,
PS_COSS_3,OBJNR,,X,
PS_EVOP,MANDT,800,X,
PS_MLST,MLST_MANDT,800,X,
PS_MLTX,MLTX_MANDT,800,X,
PS_PLAB,MANDT,800,X,
PS_PROJS,MANDT,800,X,
PS_PRPS_2,MANDT,800,X,
PS_PRPS_2,PSPNR,,X,
PS_PRPS_3,MANDT,800,X,
PS_PRPS_3,PSPNR,,X,
PS_PRPS_4,MANDT,800,X,
PS_PRPS_4,PSPNR,,X,
PS_QMEL_2,MANDT,800,X,
PS_S_ALR_87005104,MANDT,800,X,
PS_TCN01,MANDT,800,X,
PS_TCN01,SPRAS,E,X,
QALS,MANDANT,800,X,
QALS,MANDANTT,800,X,
QALT,MANDT,800,X,
QAMB,MANDANT,800,X,
QAVE,MANDANT,800,X,
QBEW,MANDT,800,X,
QDDR,MANDT,800,X,
QDPS,MANDT,800,X,
QDPST,MANDT,800,X,
QDQL,MANDT,800,X,
QINF,MANDT,800,X,
QMEL,MANDT,800,X,
QMFE,MANDT,800,X,
QMIH,MANDT,800,X,
QMMA,MANDT,800,X,
QMSM,MANDT,800,X,
QMUR,MANDT,800,X,
QM_QA33_1,MANDANT,800,X,
QM_QA33_2,MANDANT,800,X,
QM_QA33_3,MANDANT,800,X,
QM_QA33_4,MANDANT,800,X,
QM_QDL3,MANDT,800,X,
QM_QDR3_1,DYNREGEL,,X,
QM_QDR3_1,MANDT,800,X,
QM_QDR3_1,PRSTUFEANF,,X,
QM_QDR3_2,DYNREGEL,,X,
QM_QDR3_2,MANDT,800,X,
QM_QDR3_2,PRSTUFEANF,,X,
QM_QDR3_4,MANDT,800,X,
QM_QDR3_4,SPRAS,E,X,
QM_QI03,MANDT,800,X,
QM_QM03,MANDT,800,X,
QM_QPGT,MANDANT,800,X,
QM_QPGT,SPRACHE,E,X,
QPCT,MANDT,800,X,
QPGR,MANDT,800,X,
QPGT,MANDANT,800,X,
RBCO,MANDT,800,X,
RBKP,MANDT,800,X,
RBKP_BLOCKED,MANDT,800,X,
RBMA,MANDT,800,X,
RBTX,MANDT,800,X,
RBWS,MANDT,800,X,
RBWT,MANDT,800,X,
REGUG,MANDT,800,X,
REGUH,MANDT,800,X,
REGUP,MANDT,800,X,
RESB,MANDT,800,X,
RPSCO,MANDT,800,X,
RSEG,MANDT,800,X,
S001,MANDT,800,X,
S002,MANDT,800,X,
S004,MANDT,800,X,
S005,MANDT,800,X,
S012,MANDT,800,X,
SD0001,KUNNR,,X,
SD0001,MANDT,800,X,
SD0002,MANDT,800,X,
SD0002,VBELN,,X,
SD0003,MANDT,800,X,
SD0003,VBELN,,X,
SD0005,MANDT,800,X,
SD0005,TDNAME,,X,
SD0005,TDOPBJECT,,X,
SD0005,TDSPRAS,E,,
SD0006,MANDT,800,X,
SD0007,MANDT,800,X,
SD0007,VBELN,,X,
SD0011,EXNUM,,X,
SD0011,KUNNR,,X,
SD0011,MANDT,800,X,
SD0012,FKART,,X,
SD0012,MANDT,800,X,
SD0013,MANDT,800,X,
SD0014,MANDT,800,X,
SD0014,VKORG,,X,
SD_A004,MANDT,800,X,
SD_A004,MATNR,,X,
SD_A004,VKORG,,X,
SD_COSPP_2,MANDT,800,X,
SD_COSP_2,GJAHR,,X,
SD_COSP_2,MANDT,800,X,
SD_COSS_2,GJAHR,,X,
SD_COSS_2,MANDT,800,X,
SD_COSS_2,OBJNR,,X,
SD_DD07T_1,DDLANGUAGE,E,X,
SD_DD07T_1,DOMANE,,X,
SD_DD07T_2,DDLANGUAGE,E,X,
SD_DD07T_2,DOMANE,,X,
SD_DD07T_3,KUNNR,,X,
SD_DD07T_3,MANDT,800,X,
SD_DD07T_3,VKORG,,X,
SD_KONH,KNUMH,,X,
SD_KONH,MANDT,800,X,
SD_KONM,KNUMH,,X,
SD_KONM,MANDT,800,X,
SD_KONP,KNUMH,,X,
SD_KONP,MANDT,800,X,
SD_KONV,MANDT,800,X,
SD_KONW,MANDT,800,X,
SD_MCTC,MANDT,800,X,
SD_MCTC,VKORG,,X,
SD_MCTE,MANDT,800,X,
SD_MCTE,VKORG,,X,
SD_MCTK,MANDT,800,X,
SD_S001,KUNNR,,X,
SD_S001,MANDT,800,X,
SD_S002_1,MANDT,800,X,
SD_S002_1,VKORG,,X,
SD_S002_2,MANDT,800,X,
SD_S002_2,VKORG,,X,
SD_SDBLBDDL,KNUMV,,X,
SD_SDBLBDDL,MANDT,800,X,
SD_SDBLBDDL,VKORG,,X,
SD_SDD1,MANDT,800,X,
SD_SDD1,SPRAS,E,X,
SD_SDD1,VKORG,,X,
SD_T685T,MANDT,800,X,
SD_T685T,SPRAS,E,X,
SD_TPART,MANDT,800,X,
SD_TPART,SPRAS,E,X,
SD_TSPAT,MANDT,800,X,
SD_TSPAT,SPRAS,E,X,
SD_TVAGT,MANDT,800,X,
SD_TVAGT,SPRAS,E,X,
SD_TVAKT,MANDT,800,X,
SD_TVAKT,SPRAS,E,X,
SD_TVBST,MANDT,800,X,
SD_TVBST,SPRAS,E,X,
SD_TVFST,MANDT,800,X,
SD_TVFST,SPRAS,E,X,
SD_TVGRT,MANDT,800,X,
SD_TVGRT,SPRAS,E,X,
SD_TVKBT,MANDT,800,X,
SD_TVKBT,SPRAS,E,X,
SD_TVKOT,MANDT,800,X,
SD_TVKOT,SPRAS,E,X,
SD_TVROT,MANDT,800,X,
SD_TVROT,SPRAS,E,X,
SD_TVSTT,MANDT,800,X,
SD_TVSTT,SPRAS,E,X,
SD_TVTWT,MANDT,800,X,
SD_TVTWT,SPRAS,E,X,
SD_VA03,BELNR,,X,
SD_VA03,MANDT,800,X,
SD_VA03,VKORG,,X,
SD_VA05_1,KUNNR,,X,
SD_VA05_1,MANDT,800,X,
SD_VA05_1,VKORG,,X,
SD_VA05_2,KUNNR,,X,
SD_VA05_2,MANDT,800,X,
SD_VA05_2,VKORG,,X,
SD_VA23,MANDT,800,X,
SD_VA23,VBELN,,X,
SD_VA23,VKORG,,X,
SD_VA33_1,MANDT,800,X,
SD_VA33_1,VBELN,,X,
SD_VA43_1,MANDT,800,X,
SD_VA43_1,SPRAS,E,,
SD_VA43_1,VBELN,,X,
SD_VB8,MANDT,800,X,
SD_VB8,VKORG,,X,
SD_VBAK_1,KUNNR,,X,
SD_VBAK_1,MANDT,800,X,
SD_VBAK_1,VKORG,,X,
SD_VBAK_2,KUNNR,,X,
SD_VBAK_2,MANDT,800,X,
SD_VBAK_2,VKORG,,X,
SD_VBAK_3,KUNNR,,X,
SD_VBAK_3,MANDT,800,X,
SD_VBAK_3,VKORG,,X,
SD_VBAP_1,MANDT,800,X,
SD_VBAP_1,VBELN,,X,
SD_VBAP_2,MANDT,800,X,
SD_VBAP_2,VBELN,,X,
SD_VBAP_3,MANDT,800,X,
SD_VBAP_3,VBELN,,X,
SD_VBAP_4,MANDT,800,X,
SD_VBAP_4,VBELN,,X,
SD_VBAP_5,MANDT,800,X,
SD_VBAP_5,VBELN,,X,
SD_VBEP_1,MANDT,800,X,
SD_VBEP_1,VBELN,,X,
SD_VBEP_2,MANDT,800,X,
SD_VBEP_2,VBELN,,X,
SD_VBFA,MANDT,800,X,
SD_VBFA,VBELN,,X,
SD_VBKD_1,MANDT,800,X,
SD_VBKD_1,VBELN,,X,
SD_VBKD_2,MANDT,800,X,
SD_VBKD_2,VBELN,,X,
SD_VBPA,KUNNR,,X,
SD_VBPA,MANDT,800,X,
SD_VBRP,MANDT,800,X,
SD_VBRP,VBELN,,X,
SD_VBUK,MANDT,800,X,
SD_VBUK,VBELN,,X,
SD_VD03,KUNNR,,X,
SD_VD03,MANDT,800,X,
SD_VDEA,MANDT,800,X,
SD_VDEA,VBELN,,X,
SD_VEDA,MANDT,800,X,
SD_VEDA,VBELN,,X,
SD_VF03_1,MANDT,800,X,
SD_VF03_1,VBELN,,X,
SD_VF03_1,VKORG,,X,
SD_VF05_3,MANDT,800,X,
SD_VF05_3,VBELN,,X,
SD_VF05_3,VKORG,,X,
SD_VL03N_1,MANDT,800,X,
SD_VL03N_1,VBELN,,X,
SD_VL03N_1,VKORG,,X,
SD_VL03N_2,MANDT,800,X,
SD_VL03N_2,VBELN,,X,
SD_VTTK,MANDT,800,X,
SD_V_23,MANDT,800,X,
SD_V_23,VKORG,,X,
SD_V_26,MANDT,800,X,
SD_V_26,VKORG,,X,
SETHEADER,MANDT,800,X,
SETHEADERT,MANDT,800,X,
SETLEAF,MANDT,800,X,
SETNODE,MANDT,800,X,
SKA1,MANDT,800,X,
SKAT,MANDT,800,X,
SKB1,MANDT,800,X,
STAS,MANDT,800,X,
STKO,MANDT,800,X,
STPO,MANDT,800,X,
STXH,MANDT,800,X,
STXL,MANDT,800,X,
STZU,MANDT,800,X,
SWOR,MANDT,800,X,
S_AL0_96000496,BELNR,,X,
S_AL0_96000496,MANDT,800,X,
T000,MANDT,800,X,
T001,MANDT,800,X,
T001A,MANDT,800,X,
T001K,MANDT,800,X,
T001L,MANDT,800,X,
T001P,MANDT,800,X,
T001W,MANDT,800,X,
T003,MANDT,800,X,
T003O,CLIENT,800,X,
T003O,MANDT,800,X,
T003P,CLIENT,800,X,
T003P,MANDT,800,X,
T003T,MANDT,800,X,
T004T,MANDT,800,X,
T005,MANDT,800,X,
T005T,MANDT,800,X,
T005U,MANDT,800,X,
T006,MANDT,800,X,
T006A,MANDT,800,X,
T007A,MANDT,800,X,
T007S,MANDT,800,X,
T011,MANDT,800,X,
T011T,MANDT,800,X,
T012K,MANDT,800,X,
T014,MANDT,800,X,
T016T,MANDT,800,X,
T023T,MANDT,800,X,
T024,MANDT,800,X,
T024A,MANDT,800,X,
T024D,MANDT,800,X,
T024E,MANDT,800,X,
T024F,MANDT,800,X,
T024X,MANDT,800,X,
T025T,MANDT,800,X,
T030,MANDT,800,X,
T052U,MANDT,800,X,
T064B,MANDT,800,X,
T064T,MANDT,800,X,
T074T,MANDT,800,X,
T090C,MANDT,800,X,
T090T,MANDT,800,X,
T093,MANDT,800,X,
T093B,MANDT,800,X,
T093T,MANDT,800,X,
T095,MANDT,800,X,
T095T,MANDT,800,X,
T096,MANDT,800,X,
T096T,MANDT,800,X,
T141T,MANDT,800,X,
T148T,MANDT,800,X,
T149T,MANDT,800,X,
T156,MANDT,800,X,
T156T,MANDT,800,X,
T157E,MANDT,800,X,
T161T,MANDT,800,X,
T163C,MANDT,800,X,
T163I,MANDT,800,X,
T800T,MANDT,800,X,
T301T,MANDT,800,X,
T416,MANDT,800,X,
T416T,MANDT,800,X,
T499S,MANDT,800,X,
T500C,MANDT,800,X,
T500P,MANDT,800,X,
T503T,MANDT,800,X,
T510A,MANDT,800,X,
T510G,MANDT,800,X,
T512T,MANDT,800,X,
T513S,MANDT,800,X,
T517T,MANDT,800,X,
T517X,MANDT,800,X,
T526,MANDT,800,X,
T527X,MANDT,800,X,
T528T,MANDT,800,X,
T529T,MANDT,800,X,
T529U,MANDT,800,X,
T530E,MANDT,800,X,
T530F,MANDT,800,X,
T530T,MANDT,800,X,
T533T,MANDT,800,X,
T538T,MANDT,800,X,
T542T,MANDT,800,X,
T547S,MANDT,800,X,
T548T,MANDT,800,X,
T549T,MANDT,800,X,
T554T,MANDT,800,X,
T555Q,MANDT,800,X,
T555V,MANDT,800,X,
T556,MANDT,800,X,
T556B,MANDT,800,X,
T574B,MANDT,800,X,
T591S,MANDT,800,X,
T5C1B,MANDT,800,X,
T5C1O,MANDT,800,X,
T5C2G,MANDT,800,X,
T5CA2,MANDT,800,X,
T5CA3,MANDT,800,X,
T5CAQ,MANDT,800,X,
T5K13,MANDT,800,X,
T5UBA,MANDT,800,X,
T5UC1,MANDT,800,X,
T5UC3,MANDT,800,X,
T5UC4,MANDT,800,X,
T5UC9,MANDT,800,X,
T5UCT,MANDT,800,X,
T5UCV,MANDT,800,X,
T682,MANDT,800,X,
T682T,MANDT,800,X,
T683,MANDT,800,X,
T683S,MANDT,800,X,
T683T,MANDT,800,X,
T683U,MANDT,800,X,
T685,MANDT,800,X,
T685A,MANDT,800,X,
T685T,MANDT,800,X,
T687T,MANDT,800,X,
T800S,MANDT,800,X,
T811C,MANDT,800,X,
T811F,MANDT,800,X,
T811K,MANDT,800,X,
T811L,MANDT,800,X,
T811S,MANDT,800,X,
T856,MANDT,800,X,
T881,MANDT,800,X,
T881T,MANDT,800,X,
T882,MANDT,800,X,
T882G,MANDT,800,X,
T8J9A,MANDT,800,X,
T8J9C,MANDT,800,X,
T8J9K,MANDT,800,X,
T8JG,MANDT,800,X,
T8JO,MANDT,800,X,
T8JQ,MANDT,800,X,
T8JU,MANDT,800,X,
T8JV,MANDT,800,X,
T8JVT,MANDT,800,X,
TABW,MANDT,800,X,
TABWH,MANDT,800,X,
TABWQ,MANDT,800,X,
TABWR,MANDT,800,X,
TABWT,MANDT,800,X,
TAPRF,MANDT,800,X,
TAPRFT,MANDT,800,X,
TBSL,MANDT,800,X,
TBSLT,MANDT,800,X,
TC24,MANDT,800,X,
TC26T,MANDT,800,X,
TC30T,MANDT,800,X,
TCJ_CJ_NAMES,MANDT,800,X,
TCJ_C_JOURNALS,MANDT,800,X,
TCJ_POSITIONS,MANDT,800,X,
TCJ_TRANSACTIONS,MANDT,800,X,
TCJ_TRANS_NAMES,MANDT,800,X,
TCK04,MANDT,800,X,
TCLAT,MANDT,800,X,
TCN01,MANDT,800,X,
TCUGT,MANDT,800,X,
TCURT,MANDT,800,X,
TCUXT,MANDT,800,X,
TFIN020,MANDT,800,X,
TFKBT,MANDT,800,X,
TGSB,MANDT,800,X,
TGSBT,MANDT,800,X,
TINCT,MANDT,800,X,
TJ01,MANDT,800,X,
TJ01T,MANDT,800,X,
TJ02,MANDT,800,X,
TJ02T,MANDT,800,X,
TJ30,MANDT,800,X,
TJ30T,MANDT,800,X,
TKA01,MANDT,800,X,
TKA02,MANDT,800,X,
TKA03,MANDT,800,X,
TKA05,MANDT,800,X,
TKT03,MANDT,800,X,
TKT05,MANDT,800,X,
TKUKT,MANDT,800,X,
TKV01,MANDT,800,X,
TKV02,MANDT,800,X,
TKZU1,MANDT,800,X,
TKZU2,MANDT,800,X,
TKZU3,MANDT,800,X,
TKZU9,MANDT,800,X,
TKZX9,MANDT,800,X,
TMKM1T,MANDT,800,X,
TOA01,MANDT,800,X,
TPAR,MANDT,800,X,
TPART,MANDT,800,X,
TPCPROG,MANDT,800,X,
TPTMT,MANDT,800,X,
TQ30,MANDT,800,X,
TQ30T,MANDT,800,X,
TQ31T,MANDT,800,X,
TQ80_T,MANDT,800,X,
TSKMT,MANDT,800,X,
TSPAT,MANDT,800,X,
TSTL,MANDT,800,X,
TTXIT,MANDT,800,X,
TVAGT,MANDT,800,X,
TVAKT,MANDT,800,X,
TVBST,MANDT,800,X,
TVFK,MANDT,800,X,
TVFKT,MANDT,800,X,
TVFST,MANDT,800,X,
TVGRT,MANDT,800,X,
TVKBT,MANDT,800,X,
TVKOT,MANDT,800,X,
TVROT,MANDT,800,X,
TVSTT,MANDT,800,X,
TVTWT,MANDT,800,X,
USR04,MANDT,800,X,
USR21,MANDT,800,X,
VBAK,MANDT,800,X,
VBAP,MANDT,800,X,
VBEP,MANDT,800,X,
VBFA,MANDT,800,X,
VBKD,MANDT,800,X,
VBPA,MANDT,800,X,
VBRK,MANDT,800,X,
VBRP,MANDT,800,X,
VBUK,MANDT,800,X,
VBUP,MANDT,800,X,
VCKUN,MANDT,800,X,
VCNUM,MANDT,800,X,
VEDA,MANDT,800,X,
VEIAV,MANDT,800,X,
VOBJK,MANDT,800,X,
VTTK,MANDT,800,X,
ZSPLA,RCLNT,800,X,
ZSPLT,RCLNT,800,X,
ZZGSAPGL,MANDT,800,X,
ZZPART_PCGSAPKST,MANDT,800,X,
ZZSKA1GSAP,MANDT,800,X,
ZZT001GSAP,MANDT,800,X,